Date,Account,Description,Amount,Balance
01/06/2026,Darren Daily,SALARY ACME PTY LTD PAYROLL,4200.00,
01/06/2026,Darren Daily,OSKO PAYMENT TO OFFSET 5,-3000.00,
01/06/2026,Offset 5,OSKO DEPOSIT FROM DARREN DAILY,3000.00,
02/06/2026,Darren Daily,WOOLWORTHS BEAUDESERT QLD,-87.45,
02/06/2026,Darren Daily,COFFEE CLUB BROWNS PLAINS,-6.50,
02/06/2026,Darren Daily,COFFEE CLUB BROWNS PLAINS,-6.50,
03/06/2026,Darren Daily,BP CONTACTLESS FUEL,-72.10,
05/06/2026,Darren Daily,NETFLIX.COM,-16.99,
05/06/2026,ING Credit Card,VISA PURCHASE WOOLWORTHS ONLINE,-45.20,
07/06/2026,Darren Daily,TRANSFER TO HOUSE OFFSET,-500.00,
07/06/2026,House Offset,TRANSFER FROM DAILY,500.00,
08/06/2026,Darren Daily,CHEMIST WAREHOUSE,-34.20,
08/06/2026,ING Credit Card,VISA PURCHASE SPOTIFY,-12.99,
10/06/2026,Darren Daily,CREDIT CARD PAYMENT ING,-450.00,
12/06/2026,Darren Daily,UBER EATS HELP.UBER.COM,-28.90,
12/06/2026,ING Credit Card,VISA PURCHASE UBER TRIP,-18.40,
14/06/2026,Darren Daily,OSKO PAYMENT TO BILLS,-200.00,
14/06/2026,Bills,OSKO DEPOSIT FROM DARREN,200.00,
15/06/2026,Darren Daily,ATM WITHDRAWAL QCB,-100.00,
18/06/2026,Darren Daily,COLES 0456,-112.30,
20/06/2026,Darren Daily,TFR TO CHANTELLE DAILY,-150.00,
20/06/2026,Chantelle Daily,TFR FROM DARREN DAILY,150.00,
21/06/2026,ING Credit Card,PAYMENT RECEIVED THANK YOU,450.00,
22/06/2026,Darren Daily,ORIGIN ENERGY ELECTRICITY,-189.40,
25/06/2026,Offset 5,DIRECT DEBIT MORTGAGE LOAN,-2100.00,
28/06/2026,Darren Daily,BUNNINGS WAREHOUSE,-64.80,
30/06/2026,Commonwealth Savings,TELSTRA MOBILE,-65.00,
30/06/2026,ING Fire Extinguisher,TRANSFER FROM OFFSET,-200.00,
